latitude,longitude,brightness,scan,track,acq_date,acq_time,satellite,instrument,confidence,version,bright_t31,frp,daynight
36.85348,28.63674,335.15,0.55,0.68,2022-06-08,1006,1,VIIRS,n,2.0NRT,294.03,10.31,D
36.8552,28.64259,347.04,0.55,0.68,2022-06-08,1006,1,VIIRS,n,2.0NRT,295,11.32,D
36.857,28.64356,336.83,0.55,0.68,2022-06-08,1006,1,VIIRS,n,2.0NRT,294.72,8.05,D
36.85531,28.6377,354.1,0.55,0.68,2022-06-08,1006,1,VIIRS,n,2.0NRT,295.3,8.05,D
36.85913,28.63764,367,0.33,0.56,2022-06-08,1147,1,VIIRS,h,2.0NRT,297.7,11.66,D
36.83363,28.10825,355.25,0.56,0.52,2022-06-21,2322,1,VIIRS,n,2.0NRT,297.89,8.15,N
36.83795,28.11442,338.36,0.56,0.52,2022-06-21,2322,1,VIIRS,n,2.0NRT,296.25,16.4,N
36.83843,28.10816,344.9,0.56,0.52,2022-06-21,2322,1,VIIRS,n,2.0NRT,296.09,16.4,N
36.83897,28.10122,322.31,0.56,0.52,2022-06-21,2322,1,VIIRS,n,2.0NRT,294.27,11.49,N
36.84482,28.08751,312.74,0.56,0.52,2022-06-21,2322,1,VIIRS,n,2.0NRT,292.86,2.61,N
36.84227,28.12074,333.76,0.56,0.52,2022-06-21,2322,1,VIIRS,n,2.0NRT,296.82,8.9,N
36.84274,28.11474,346.65,0.56,0.52,2022-06-21,2322,1,VIIRS,n,2.0NRT,297.53,16.4,N
36.84323,28.10829,353.79,0.56,0.52,2022-06-21,2322,1,VIIRS,n,2.0NRT,300.37,16.4,N
36.84376,28.10138,351.66,0.56,0.52,2022-06-21,2322,1,VIIRS,n,2.0NRT,297.36,11.49,N
36.84431,28.09423,346.74,0.56,0.52,2022-06-21,2322,1,VIIRS,n,2.0NRT,295.49,11.49,N
36.84751,28.1151,312.56,0.56,0.52,2022-06-21,2322,1,VIIRS,n,2.0NRT,297.97,6.18,N
36.84802,28.10848,318.09,0.56,0.52,2022-06-21,2322,1,VIIRS,n,2.0NRT,299.03,6.18,N
36.84907,28.09479,314.63,0.56,0.52,2022-06-21,2322,1,VIIRS,n,2.0NRT,295.05,4.55,N
36.84655,28.1275,333.63,0.56,0.52,2022-06-21,2322,1,VIIRS,n,2.0NRT,298.74,22.31,N
36.84703,28.12133,345.21,0.56,0.52,2022-06-21,2322,1,VIIRS,n,2.0NRT,303.68,22.31,N
36.84855,28.10165,329.45,0.56,0.52,2022-06-21,2322,1,VIIRS,n,2.0NRT,297.55,4.55,N
36.8513,28.1281,308.82,0.56,0.52,2022-06-21,2322,1,VIIRS,n,2.0NRT,293.47,22.31,N
36.85486,28.08211,310.82,0.56,0.52,2022-06-21,2322,1,VIIRS,n,2.0NRT,294.13,2.9,N
36.85179,28.12189,348.48,0.56,0.52,2022-06-21,2322,1,VIIRS,n,2.0NRT,299.26,22.31,N
36.85229,28.11544,348.65,0.56,0.52,2022-06-21,2322,1,VIIRS,n,2.0NRT,298.95,6.18,N
36.8528,28.1088,344.89,0.56,0.52,2022-06-21,2322,1,VIIRS,n,2.0NRT,299.04,6.18,N
36.85333,28.10195,339.36,0.56,0.52,2022-06-21,2322,1,VIIRS,n,2.0NRT,295.48,4.55,N
36.85962,28.08282,305.1,0.56,0.52,2022-06-21,2322,1,VIIRS,n,2.0NRT,294.88,21.71,N
36.86063,28.06975,341.72,0.57,0.52,2022-06-21,2322,1,VIIRS,n,2.0NRT,295.59,13.04,N
36.86438,28.0836,307.94,0.56,0.52,2022-06-21,2322,1,VIIRS,n,2.0NRT,295.23,21.71,N
36.86331,28.09731,322.99,0.56,0.52,2022-06-21,2322,1,VIIRS,n,2.0NRT,299.92,36.4,N
36.86384,28.0905,354.73,0.56,0.52,2022-06-21,2322,1,VIIRS,n,2.0NRT,303.24,21.71,N
36.86963,28.07789,311.86,0.57,0.52,2022-06-21,2322,1,VIIRS,n,2.0NRT,296.57,4.02,N
36.87017,28.07102,312.43,0.57,0.52,2022-06-21,2322,1,VIIRS,n,2.0NRT,295.11,4.02,N
36.86803,28.09846,338.53,0.56,0.52,2022-06-21,2322,1,VIIRS,n,2.0NRT,296.87,15.35,N
36.86857,28.09155,347.62,0.56,0.52,2022-06-21,2322,1,VIIRS,n,2.0NRT,304.91,9.32,N
36.86912,28.08446,321.07,0.56,0.52,2022-06-21,2322,1,VIIRS,n,2.0NRT,297,9.32,N
36.8712,28.05786,352.76,0.57,0.52,2022-06-21,2322,1,VIIRS,n,2.0NRT,301.53,27.63,N
36.87387,28.08533,313.01,0.56,0.52,2022-06-21,2322,1,VIIRS,n,2.0NRT,293.32,9.32,N
36.87332,28.0924,336.63,0.56,0.52,2022-06-21,2322,1,VIIRS,n,2.0NRT,297.18,9.32,N
36.87439,28.07871,322.5,0.57,0.52,2022-06-21,2322,1,VIIRS,n,2.0NRT,295.91,4.02,N
36.87491,28.07202,340.63,0.57,0.52,2022-06-21,2322,1,VIIRS,n,2.0NRT,296.36,4.02,N
36.82882,28.10826,326.89,0.56,0.52,2022-06-21,2322,1,VIIRS,n,2.0NRT,292.45,8.15,N
36.83315,28.11443,319.86,0.56,0.52,2022-06-21,2322,1,VIIRS,n,2.0NRT,294.66,8.15,N
36.83414,28.10151,319.19,0.56,0.52,2022-06-21,2322,1,VIIRS,n,2.0NRT,293.54,4.14,N
36.86342,28.09329,309.48,0.64,0.72,2022-06-22,0102,1,VIIRS,n,2.0NRT,292.41,3.29,N
36.87315,28.06181,310.81,0.64,0.72,2022-06-22,0102,1,VIIRS,n,2.0NRT,292.49,1.76,N
36.87512,28.05543,304.03,0.64,0.72,2022-06-22,0102,1,VIIRS,n,2.0NRT,291.56,1.76,N
36.8701,28.0949,310.16,0.64,0.72,2022-06-22,0102,1,VIIRS,n,2.0NRT,292.24,2.31,N
36.87178,28.08945,307.57,0.64,0.72,2022-06-22,0102,1,VIIRS,n,2.0NRT,291.71,2.77,N
36.85103,28.11011,330.74,0.65,0.73,2022-06-22,0102,1,VIIRS,n,2.0NRT,293.07,4.61,N
36.83204,28.107,302.88,0.65,0.73,2022-06-22,0102,1,VIIRS,n,2.0NRT,290.93,2.71,N
36.83378,28.1013,330.5,0.65,0.73,2022-06-22,0102,1,VIIRS,n,2.0NRT,291.88,2.71,N
36.84137,28.09996,313.05,0.65,0.73,2022-06-22,0102,1,VIIRS,n,2.0NRT,291.49,3.18,N
36.84486,28.08847,311.17,0.65,0.73,2022-06-22,0102,1,VIIRS,n,2.0NRT,290.93,2.25,N
36.83557,28.11901,321.53,0.65,0.73,2022-06-22,0102,1,VIIRS,n,2.0NRT,293.19,16.18,N
36.83779,28.1117,367,0.65,0.73,2022-06-22,0102,1,VIIRS,h,2.0NRT,296.86,16.52,N
36.83968,28.1055,329.31,0.65,0.73,2022-06-22,0102,1,VIIRS,n,2.0NRT,292.36,16.52,N
36.84306,28.09441,324.71,0.65,0.73,2022-06-22,0102,1,VIIRS,n,2.0NRT,292.22,3.18,N
36.84143,28.12337,305.99,0.65,0.73,2022-06-22,0102,1,VIIRS,n,2.0NRT,292.57,16.18,N
36.84375,28.11573,315.6,0.65,0.73,2022-06-22,0102,1,VIIRS,n,2.0NRT,292.84,16.52,N
36.8475,28.10338,307.79,0.65,0.73,2022-06-22,0102,1,VIIRS,n,2.0NRT,292.79,3.18,N
36.84929,28.09749,301.53,0.65,0.73,2022-06-22,0102,1,VIIRS,n,2.0NRT,291.47,3.18,N
36.85118,28.09129,304.22,0.65,0.73,2022-06-22,0102,1,VIIRS,n,2.0NRT,290.73,2.25,N
36.85505,28.07853,302.11,0.64,0.72,2022-06-22,0102,1,VIIRS,n,2.0NRT,290.35,0.96,N
36.84571,28.10924,334.49,0.65,0.73,2022-06-22,0102,1,VIIRS,n,2.0NRT,294.14,16.52,N
36.86734,28.06162,306.05,0.64,0.72,2022-06-22,0102,1,VIIRS,n,2.0NRT,291.73,2.61,N
36.84772,28.12629,328.28,0.65,0.73,2022-06-22,0102,1,VIIRS,n,2.0NRT,293.46,8.85,N
36.84986,28.11922,352.34,0.65,0.73,2022-06-22,0102,1,VIIRS,n,2.0NRT,294.32,11.75,N
36.85183,28.11275,335.32,0.65,0.73,2022-06-22,0102,1,VIIRS,n,2.0NRT,293.05,11.75,N
36.85366,28.10671,322.01,0.65,0.73,2022-06-22,0102,1,VIIRS,n,2.0NRT,291.64,5.92,N
36.86929,28.05517,320.73,0.64,0.72,2022-06-22,0102,1,VIIRS,n,2.0NRT,291.22,2.47,N
36.86418,28.09566,309.85,0.65,0.73,2022-06-22,0102,1,VIIRS,n,2.0NRT,292.24,3.01,N
36.87172,28.07079,307.96,0.64,0.72,2022-06-22,0102,1,VIIRS,n,2.0NRT,291.38,2.61,N
36.87565,28.05779,301.41,0.64,0.72,2022-06-22,0102,1,VIIRS,n,2.0NRT,291.33,2.47,N
36.83134,28.10405,306.33,0.65,0.73,2022-06-22,0102,1,VIIRS,n,2.0NRT,290.95,2.52,N
36.83295,28.09885,316.85,0.65,0.73,2022-06-22,0102,1,VIIRS,n,2.0NRT,290.83,3.02,N
36.84227,28.09199,315.02,0.65,0.73,2022-06-22,0102,1,VIIRS,n,2.0NRT,290.93,2.41,N
36.83496,28.11553,349.72,0.65,0.73,2022-06-22,0102,1,VIIRS,n,2.0NRT,294.86,17.36,N
36.83704,28.10883,367,0.65,0.73,2022-06-22,0102,1,VIIRS,h,2.0NRT,294.66,17.36,N
36.83885,28.10303,331.08,0.65,0.73,2022-06-22,0102,1,VIIRS,n,2.0NRT,292.41,9.03,N
36.84071,28.12018,309.65,0.65,0.73,2022-06-22,0102,1,VIIRS,n,2.0NRT,292.06,17.36,N
36.84668,28.10093,316.72,0.65,0.73,2022-06-22,0102,1,VIIRS,n,2.0NRT,292.67,9.03,N
36.84851,28.09505,316.04,0.65,0.73,2022-06-22,0102,1,VIIRS,n,2.0NRT,291.61,2.41,N
36.85046,28.08876,306.32,0.64,0.72,2022-06-22,0102,1,VIIRS,n,2.0NRT,289.98,2.41,N
36.84301,28.1128,321.7,0.65,0.73,2022-06-22,0102,1,VIIRS,n,2.0NRT,292.41,17.36,N
36.84491,28.10666,335.08,0.65,0.73,2022-06-22,0102,1,VIIRS,n,2.0NRT,293.34,9.03,N
36.85284,28.10426,313.93,0.65,0.73,2022-06-22,0102,1,VIIRS,n,2.0NRT,291.61,4.61,N
36.86686,28.05898,309.99,0.64,0.72,2022-06-22,0102,1,VIIRS,n,2.0NRT,291.85,1.76,N
36.86879,28.05272,305.02,0.64,0.72,2022-06-22,0102,1,VIIRS,n,2.0NRT,291.15,1.76,N
36.84693,28.12333,337.91,0.65,0.73,2022-06-22,0102,1,VIIRS,n,2.0NRT,293.9,5.69,N
36.84908,28.1164,351.2,0.65,0.73,2022-06-22,0102,1,VIIRS,n,2.0NRT,293.78,5.69,N
36.85318,28.1264,301.04,0.65,0.73,2022-06-22,0102,1,VIIRS,n,2.0NRT,290.96,5.69,N
36.85532,28.11946,310.61,0.65,0.73,2022-06-22,0102,1,VIIRS,n,2.0NRT,291.06,5.69,N
36.85732,28.11302,301.22,0.65,0.73,2022-06-22,0102,1,VIIRS,n,2.0NRT,290.14,4.61,N
36.85868,28.10742,356.15,0.56,0.43,2022-06-22,1043,1,VIIRS,n,2.0NRT,299.53,280.39,D
36.83196,28.11697,346.17,0.56,0.43,2022-06-22,1043,1,VIIRS,n,2.0NRT,300.52,5.18,D
36.8369,28.12108,352.54,0.56,0.43,2022-06-22,1043,1,VIIRS,n,2.0NRT,311.46,31.22,D
36.83575,28.11546,345.58,0.56,0.43,2022-06-22,1043,1,VIIRS,n,2.0NRT,303.71,31.22,D
36.84076,28.11993,346.26,0.56,0.43,2022-06-22,1043,1,VIIRS,n,2.0NRT,304.84,31.22,D
36.83957,28.1141,348.28,0.56,0.43,2022-06-22,1043,1,VIIRS,n,2.0NRT,310.99,31.22,D
36.83833,28.1081,354.61,0.56,0.43,2022-06-22,1043,1,VIIRS,n,2.0NRT,312.77,23.88,D
36.83706,28.10191,338.16,0.56,0.43,2022-06-22,1043,1,VIIRS,n,2.0NRT,298.58,23.88,D
36.84212,28.10658,346.53,0.56,0.43,2022-06-22,1043,1,VIIRS,n,2.0NRT,302.15,14.06,D
36.84081,28.10021,341.04,0.56,0.43,2022-06-22,1043,1,VIIRS,n,2.0NRT,299.41,14.06,D
36.85099,28.10991,337.48,0.56,0.43,2022-06-22,1043,1,VIIRS,n,2.0NRT,298.83,4.3,D
36.85482,28.10861,335.76,0.56,0.43,2022-06-22,1043,1,VIIRS,n,2.0NRT,296.46,4.3,D
36.85352,28.10223,331.61,0.56,0.43,2022-06-22,1043,1,VIIRS,n,2.0NRT,296.76,8.31,D
36.85995,28.11371,347.54,0.56,0.43,2022-06-22,1043,1,VIIRS,n,2.0NRT,303.76,280.39,D
36.85739,28.10112,334.7,0.56,0.43,2022-06-22,1043,1,VIIRS,n,2.0NRT,300.98,54.5,D
36.86127,28.10006,367,0.56,0.43,2022-06-22,1043,1,VIIRS,h,2.0NRT,328.58,54.5,D
36.86513,28.119,339.25,0.56,0.43,2022-06-22,1043,1,VIIRS,n,2.0NRT,306.23,82.96,D
36.86382,28.1126,367,0.56,0.43,2022-06-22,1043,1,VIIRS,l,2.0NRT,342.35,280.39,D
36.86255,28.10632,367,0.56,0.43,2022-06-22,1043,1,VIIRS,l,2.0NRT,348.09,280.39,D
36.869,28.11792,342.87,0.56,0.43,2022-06-22,1043,1,VIIRS,n,2.0NRT,307.05,148.54,D
36.86771,28.11156,367,0.56,0.43,2022-06-22,1043,1,VIIRS,l,2.0NRT,372.05,312.15,D
36.86643,28.1053,367,0.56,0.43,2022-06-22,1043,1,VIIRS,l,2.0NRT,358.78,312.15,D
36.86516,28.09904,367,0.56,0.43,2022-06-22,1043,1,VIIRS,l,2.0NRT,326.23,70.85,D
36.87159,28.11054,367,0.56,0.43,2022-06-22,1043,1,VIIRS,h,2.0NRT,331.13,312.15,D
36.87031,28.10423,367,0.56,0.43,2022-06-22,1043,1,VIIRS,h,2.0NRT,336.51,312.15,D
36.86906,28.09807,355.13,0.56,0.43,2022-06-22,1043,1,VIIRS,n,2.0NRT,318.8,70.85,D
36.87419,28.10319,347.33,0.56,0.43,2022-06-22,1043,1,VIIRS,n,2.0NRT,306.65,35.55,D
36.87289,28.09683,335.83,0.56,0.43,2022-06-22,1043,1,VIIRS,n,2.0NRT,305.5,18.11,D
37.00138,28.63817,334.36,0.53,0.42,2022-06-22,1043,1,VIIRS,n,2.0NRT,307.2,3.05,D
36.8733,28.15793,306.27,0.52,0.67,2022-06-22,2303,1,VIIRS,n,2.0NRT,282.66,13.58,N
36.87391,28.14107,311.88,0.52,0.67,2022-06-22,2303,1,VIIRS,n,2.0NRT,290.8,17.26,N
36.8735,28.15252,336,0.52,0.67,2022-06-22,2303,1,VIIRS,n,2.0NRT,289.17,13.58,N
36.87371,28.14669,367,0.52,0.67,2022-06-22,2303,1,VIIRS,h,2.0NRT,294.93,17.26,N
36.87965,28.1535,367,0.52,0.67,2022-06-22,2303,1,VIIRS,h,2.0NRT,295.48,13.58,N
36.82557,28.13041,309.11,0.52,0.67,2022-06-22,2303,1,VIIRS,n,2.0NRT,289.78,2.19,N
36.82594,28.12113,303.32,0.52,0.67,2022-06-22,2303,1,VIIRS,n,2.0NRT,289.59,1.59,N
36.83158,28.13494,313.97,0.52,0.67,2022-06-22,2303,1,VIIRS,n,2.0NRT,288.87,1.79,N
36.85507,28.16672,306.43,0.52,0.67,2022-06-22,2303,1,VIIRS,n,2.0NRT,286.91,5.26,N
36.85555,28.15503,312.69,0.52,0.67,2022-06-22,2303,1,VIIRS,n,2.0NRT,279.13,5.05,N
36.8553,28.16119,367,0.52,0.67,2022-06-22,2303,1,VIIRS,h,2.0NRT,284.77,5.05,N
36.86116,28.16891,318.35,0.52,0.67,2022-06-22,2303,1,VIIRS,n,2.0NRT,289.14,5.26,N
36.8614,28.16326,314.21,0.52,0.67,2022-06-22,2303,1,VIIRS,n,2.0NRT,286.83,5.05,N
36.86165,28.15712,299.87,0.52,0.67,2022-06-22,2303,1,VIIRS,n,2.0NRT,281.65,5.05,N
36.86217,28.14438,303.14,0.52,0.67,2022-06-22,2303,1,VIIRS,n,2.0NRT,281.16,1.09,N
36.83177,28.13037,312.92,0.52,0.67,2022-06-22,2303,1,VIIRS,n,2.0NRT,290.15,1.79,N
36.83215,28.12064,305.48,0.52,0.67,2022-06-22,2303,1,VIIRS,n,2.0NRT,290.01,3.33,N
36.83798,28.12989,309.32,0.52,0.67,2022-06-22,2303,1,VIIRS,n,2.0NRT,291.07,1.79,N
36.88627,28.14176,326.27,0.52,0.67,2022-06-22,2303,1,VIIRS,n,2.0NRT,287.71,10.88,N
36.85797,28.09546,302.34,0.52,0.67,2022-06-22,2303,1,VIIRS,n,2.0NRT,287.54,1.51,N
36.87645,28.09887,303.99,0.52,0.67,2022-06-22,2303,1,VIIRS,n,2.0NRT,284.97,1.09,N
36.88129,28.13169,307.95,0.52,0.67,2022-06-22,2303,1,VIIRS,n,2.0NRT,286.9,4.01,N
36.88235,28.10626,314.9,0.52,0.67,2022-06-22,2303,1,VIIRS,n,2.0NRT,284.95,3.39,N
36.88208,28.11275,339.55,0.52,0.67,2022-06-22,2303,1,VIIRS,n,2.0NRT,288.49,7.91,N
36.87547,28.09731,302.4,0.52,0.67,2022-06-22,2303,1,VIIRS,n,2.0NRT,284.26,1.98,N
36.88049,28.13054,304.19,0.52,0.67,2022-06-22,2303,1,VIIRS,n,2.0NRT,286.46,3.95,N
36.88094,28.11806,309.81,0.52,0.67,2022-06-22,2303,1,VIIRS,n,2.0NRT,288.71,4.89,N
36.88141,28.10488,318.42,0.52,0.67,2022-06-22,2303,1,VIIRS,n,2.0NRT,284.81,4.14,N
36.87984,28.14847,367,0.52,0.67,2022-06-22,2303,1,VIIRS,h,2.0NRT,302.49,17.26,N
36.88005,28.14265,334.86,0.52,0.67,2022-06-22,2303,1,VIIRS,n,2.0NRT,294.22,17.26,N
36.88028,28.13625,330.81,0.52,0.67,2022-06-22,2303,1,VIIRS,n,2.0NRT,288.39,3.95,N
36.88583,28.15377,367,0.52,0.67,2022-06-22,2303,1,VIIRS,h,2.0NRT,295.66,19.05,N
36.88605,28.14787,367,0.52,0.67,2022-06-22,2303,1,VIIRS,h,2.0NRT,293.08,10.88,N
36.88118,28.11131,333.5,0.52,0.67,2022-06-22,2303,1,VIIRS,n,2.0NRT,287.73,4.14,N
36.86804,28.15226,316.62,0.52,0.67,2022-06-22,2303,1,VIIRS,n,2.0NRT,273.86,9.42,N
36.8683,28.14602,311.37,0.52,0.67,2022-06-22,2303,1,VIIRS,n,2.0NRT,289.81,9.42,N
36.86779,28.15838,346.99,0.52,0.67,2022-06-22,2303,1,VIIRS,n,2.0NRT,284.69,5.66,N
36.87394,28.15907,299.43,0.52,0.67,2022-06-22,2303,1,VIIRS,n,2.0NRT,282.95,5.66,N
36.87417,28.15379,321.89,0.52,0.67,2022-06-22,2303,1,VIIRS,n,2.0NRT,286.01,9.42,N
36.8744,28.14813,367,0.52,0.67,2022-06-22,2303,1,VIIRS,h,2.0NRT,297.6,9.42,N
36.87464,28.14247,328.99,0.52,0.67,2022-06-22,2303,1,VIIRS,n,2.0NRT,292.09,16.87,N
36.88033,28.15459,367,0.52,0.67,2022-06-22,2303,1,VIIRS,h,2.0NRT,294.82,18.29,N
36.88054,28.14946,367,0.52,0.67,2022-06-22,2303,1,VIIRS,h,2.0NRT,303.03,18.29,N
36.88078,28.14384,348.76,0.52,0.67,2022-06-22,2303,1,VIIRS,n,2.0NRT,295.51,10.66,N
36.88104,28.13745,330.19,0.52,0.67,2022-06-22,2303,1,VIIRS,n,2.0NRT,289.36,10.66,N
36.88701,28.14288,314.08,0.52,0.67,2022-06-22,2303,1,VIIRS,n,2.0NRT,288.04,10.66,N
36.88651,28.15476,347.1,0.52,0.67,2022-06-22,2303,1,VIIRS,n,2.0NRT,293.03,18.29,N
36.88675,28.14894,367,0.52,0.67,2022-06-22,2303,1,VIIRS,h,2.0NRT,292.37,18.29,N
36.85447,28.16543,313.08,0.52,0.67,2022-06-22,2303,1,VIIRS,n,2.0NRT,287.11,6.93,N
36.85489,28.15334,306.98,0.52,0.67,2022-06-22,2303,1,VIIRS,n,2.0NRT,278.53,2.72,N
36.85467,28.1597,354.28,0.52,0.67,2022-06-22,2303,1,VIIRS,n,2.0NRT,284.14,6.93,N
36.86101,28.15552,299.5,0.52,0.67,2022-06-22,2303,1,VIIRS,n,2.0NRT,279.87,4.46,N
36.86058,28.16751,329.19,0.52,0.67,2022-06-22,2303,1,VIIRS,n,2.0NRT,289.34,4.43,N
36.86078,28.16181,332.41,0.52,0.67,2022-06-22,2303,1,VIIRS,n,2.0NRT,286.46,4.43,N
36.86693,28.16288,305.84,0.52,0.67,2022-06-22,2303,1,VIIRS,n,2.0NRT,289.27,4.43,N
36.86737,28.15067,307.26,0.52,0.67,2022-06-22,2303,1,VIIRS,n,2.0NRT,276.88,4.46,N
36.86758,28.14463,315.83,0.52,0.67,2022-06-22,2303,1,VIIRS,n,2.0NRT,290.95,3.26,N
36.86715,28.15702,355.82,0.52,0.67,2022-06-22,2303,1,VIIRS,n,2.0NRT,283.73,4.46,N
36.86964,28.15626,341.37,0.37,0.58,2022-06-23,0043,1,VIIRS,n,2.0NRT,293.71,6.82,N
36.85179,28.16019,318.8,0.37,0.58,2022-06-23,0043,1,VIIRS,n,2.0NRT,292.94,2.4,N
36.85281,28.15626,315.97,0.37,0.58,2022-06-23,0043,1,VIIRS,n,2.0NRT,292.59,1.65,N
36.8538,28.15247,315.31,0.37,0.58,2022-06-23,0043,1,VIIRS,n,2.0NRT,292.66,1.65,N
36.85708,28.1614,319.69,0.37,0.58,2022-06-23,0043,1,VIIRS,n,2.0NRT,292.64,1.43,N
36.85596,28.16569,322.75,0.37,0.58,2022-06-23,0043,1,VIIRS,n,2.0NRT,293.1,1.43,N
36.86135,28.16656,307.4,0.37,0.58,2022-06-23,0043,1,VIIRS,n,2.0NRT,292.1,1.43,N
36.86243,28.16242,307.98,0.37,0.58,2022-06-23,0043,1,VIIRS,n,2.0NRT,292.13,1.43,N
36.86343,28.15858,305.43,0.37,0.58,2022-06-23,0043,1,VIIRS,n,2.0NRT,291.97,2.77,N
36.86539,28.15107,317.77,0.36,0.58,2022-06-23,0043,1,VIIRS,n,2.0NRT,293.06,3.89,N
36.86874,28.1382,310.66,0.36,0.58,2022-06-23,0043,1,VIIRS,n,2.0NRT,291.21,2.86,N
36.86636,28.14735,342.86,0.36,0.58,2022-06-23,0043,1,VIIRS,n,2.0NRT,294.94,3.89,N
36.86753,28.14285,326.9,0.36,0.58,2022-06-23,0043,1,VIIRS,n,2.0NRT,292.61,2.86,N
36.86753,28.16436,306.12,0.37,0.58,2022-06-23,0043,1,VIIRS,n,2.0NRT,291.94,3.94,N
36.87171,28.14831,309.58,0.36,0.58,2022-06-23,0043,1,VIIRS,n,2.0NRT,292.78,11.51,N
36.86859,28.16031,345.17,0.37,0.58,2022-06-23,0043,1,VIIRS,n,2.0NRT,292.91,6.82,N
36.87476,28.15814,321.08,0.37,0.58,2022-06-23,0043,1,VIIRS,n,2.0NRT,294.68,6.82,N
36.8759,28.15375,353.57,0.36,0.58,2022-06-23,0043,1,VIIRS,n,2.0NRT,303.66,11.51,N
36.87706,28.14931,334.23,0.36,0.58,2022-06-23,0043,1,VIIRS,n,2.0NRT,295.45,11.51,N
36.88012,28.13752,320.08,0.36,0.58,2022-06-23,0043,1,VIIRS,n,2.0NRT,292.72,1.86,N
36.88209,28.15151,314.5,0.36,0.58,2022-06-23,0043,1,VIIRS,n,2.0NRT,294.23,2.47,N
36.87977,28.16046,341.95,0.37,0.58,2022-06-23,0043,1,VIIRS,n,2.0NRT,298.57,6.86,N
36.88095,28.15588,332,0.36,0.58,2022-06-23,0043,1,VIIRS,n,2.0NRT,298.5,2.47,N
36.88588,28.15853,304.85,0.36,0.58,2022-06-23,0043,1,VIIRS,n,2.0NRT,292.55,2.47,N
36.85593,28.10145,307.72,0.36,0.58,2022-06-23,0043,1,VIIRS,n,2.0NRT,292.19,1.65,N
36.84901,28.12793,308.87,0.36,0.58,2022-06-23,0043,1,VIIRS,n,2.0NRT,291.6,1.01,N
36.84392,28.12594,313.69,0.36,0.58,2022-06-23,0043,1,VIIRS,n,2.0NRT,291.65,1.01,N
36.83405,28.12082,317.93,0.36,0.58,2022-06-23,0043,1,VIIRS,n,2.0NRT,292.54,1.69,N
36.83051,28.13428,308.84,0.36,0.58,2022-06-23,0043,1,VIIRS,n,2.0NRT,292.69,1.17,N
36.83414,28.09916,321.86,0.36,0.58,2022-06-23,0043,1,VIIRS,n,2.0NRT,292.15,1.43,N
36.8282,28.12173,325.51,0.36,0.58,2022-06-23,0043,1,VIIRS,n,2.0NRT,292.5,1.59,N
36.82699,28.12634,305.46,0.36,0.58,2022-06-23,0043,1,VIIRS,n,2.0NRT,292.29,1.59,N
36.82811,28.12303,326.87,0.36,0.58,2022-06-23,0043,1,VIIRS,n,2.0NRT,292.47,2.84,N
36.83399,28.10011,315.87,0.36,0.58,2022-06-23,0043,1,VIIRS,n,2.0NRT,291.94,1.12,N
36.88113,28.13363,321.9,0.36,0.58,2022-06-23,0043,1,VIIRS,n,2.0NRT,291.86,1.86,N
36.88284,28.10553,323.86,0.36,0.58,2022-06-23,0043,1,VIIRS,n,2.0NRT,290.59,4.98,N
36.88188,28.1092,367,0.36,0.58,2022-06-23,0043,1,VIIRS,h,2.0NRT,294.27,9.65,N
36.88093,28.11287,352.54,0.36,0.58,2022-06-23,0043,1,VIIRS,n,2.0NRT,294.14,9.65,N
36.88,28.11644,332.06,0.36,0.58,2022-06-23,0043,1,VIIRS,n,2.0NRT,293.09,5.5,N
36.87775,28.10359,303.2,0.36,0.58,2022-06-23,0043,1,VIIRS,n,2.0NRT,290.68,1.35,N
36.87675,28.1074,304.31,0.36,0.58,2022-06-23,0043,1,VIIRS,n,2.0NRT,290.89,0.7,N
36.87354,28.09829,325.73,0.36,0.58,2022-06-23,0043,1,VIIRS,n,2.0NRT,291.04,1.35,N
36.85695,28.09755,319.37,0.36,0.58,2022-06-23,0043,1,VIIRS,n,2.0NRT,292.14,2.42,N
36.86546,28.14764,345.01,0.33,0.55,2022-06-23,1024,1,VIIRS,n,2.0NRT,300.5,4.17,D
36.85761,28.09511,347.5,0.33,0.55,2022-06-23,1024,1,VIIRS,n,2.0NRT,306.4,21.6,D
36.85857,28.09891,367,0.33,0.55,2022-06-23,1024,1,VIIRS,h,2.0NRT,304.19,17.3,D
36.86834,28.15907,367,0.33,0.55,2022-06-23,1024,1,VIIRS,h,2.0NRT,302.54,16.06,D
36.87087,28.16917,367,0.33,0.55,2022-06-23,1024,1,VIIRS,h,2.0NRT,291.33,16.66,D
36.87646,28.17022,333.57,0.33,0.55,2022-06-23,1024,1,VIIRS,n,2.0NRT,290.96,11.39,D
36.86968,28.14316,367,0.33,0.55,2022-06-23,1024,1,VIIRS,h,2.0NRT,303.75,14.28,D
36.87409,28.16074,367,0.33,0.55,2022-06-23,1024,1,VIIRS,h,2.0NRT,306.75,29.18,D
36.87568,28.1671,367,0.33,0.55,2022-06-23,1024,1,VIIRS,h,2.0NRT,301.76,32.32,D
36.86457,28.14408,339.75,0.33,0.55,2022-06-23,1024,1,VIIRS,n,2.0NRT,301.75,4.17,D
36.87632,28.10572,367,0.33,0.55,2022-06-23,1024,1,VIIRS,h,2.0NRT,302.08,13.9,D
36.86647,28.15162,352.12,0.33,0.55,2022-06-23,1024,1,VIIRS,n,2.0NRT,300.49,10.16,D
36.8692,28.1625,356,0.33,0.55,2022-06-23,1024,1,VIIRS,n,2.0NRT,306.48,16.06,D
36.87005,28.16589,354.57,0.33,0.55,2022-06-23,1024,1,VIIRS,n,2.0NRT,300.7,16.66,D
36.87241,28.15405,338.43,0.33,0.55,2022-06-23,1024,1,VIIRS,n,2.0NRT,300.03,16.6,D
36.87326,28.15746,353.98,0.33,0.55,2022-06-23,1024,1,VIIRS,n,2.0NRT,311.48,29.18,D
36.87489,28.16395,349.75,0.33,0.55,2022-06-23,1024,1,VIIRS,n,2.0NRT,306.51,32.32,D
36.87536,28.10189,350.71,0.33,0.55,2022-06-23,1024,1,VIIRS,n,2.0NRT,303.57,13.9,D
36.8656,28.15799,334.71,0.58,0.7,2022-06-23,1204,1,VIIRS,n,2.0NRT,298.14,11.36,D
36.86578,28.16464,354.89,0.58,0.7,2022-06-23,1204,1,VIIRS,n,2.0NRT,298.03,25.18,D
36.86599,28.17185,367,0.58,0.7,2022-06-23,1204,1,VIIRS,h,2.0NRT,299,25.18,D
36.85954,28.17291,335.47,0.58,0.7,2022-06-23,1204,1,VIIRS,n,2.0NRT,295.95,7.5,D
36.84631,28.16267,340.11,0.58,0.7,2022-06-23,1204,1,VIIRS,n,2.0NRT,296.42,5.18,D
36.87143,28.15736,343.3,0.58,0.7,2022-06-23,1204,1,VIIRS,n,2.0NRT,298.59,19.2,D
36.87168,28.16464,336.91,0.58,0.7,2022-06-23,1204,1,VIIRS,n,2.0NRT,298.71,19.2,D
36.87194,28.17209,353.99,0.58,0.7,2022-06-23,1204,1,VIIRS,n,2.0NRT,300.51,40.43,D
36.87219,28.17956,367,0.58,0.7,2022-06-23,1204,1,VIIRS,h,2.0NRT,296.89,40.43,D
36.86521,28.16475,355.48,0.58,0.7,2022-06-23,1204,1,VIIRS,n,2.0NRT,298.47,19.2,D
36.86545,28.17194,367,0.58,0.7,2022-06-23,1204,1,VIIRS,h,2.0NRT,300.45,40.43,D
36.84573,28.16293,339.4,0.58,0.7,2022-06-23,1204,1,VIIRS,n,2.0NRT,296.74,2.69,D
36.85663,28.1019,344.98,0.58,0.69,2022-06-23,1204,1,VIIRS,n,2.0NRT,298.55,7.99,D
36.85018,28.10197,339.71,0.58,0.69,2022-06-23,1204,1,VIIRS,n,2.0NRT,297.84,7.99,D
36.84458,28.12774,337.54,0.58,0.7,2022-06-23,1204,1,VIIRS,n,2.0NRT,299.05,5.2,D
36.85737,28.09525,350.39,0.58,0.69,2022-06-23,1204,1,VIIRS,n,2.0NRT,298.84,9.97,D
36.85093,28.09583,338.4,0.58,0.69,2022-06-23,1204,1,VIIRS,n,2.0NRT,298.05,9.97,D
36.8511,28.10188,345.28,0.58,0.69,2022-06-23,1204,1,VIIRS,n,2.0NRT,297.73,16.73,D
36.84535,28.12751,337.32,0.58,0.7,2022-06-23,1204,1,VIIRS,n,2.0NRT,299.05,6.4,D
36.85642,28.09557,353.99,0.58,0.69,2022-06-23,1204,1,VIIRS,n,2.0NRT,299.51,7.99,D
36.87205,28.15712,342.02,0.58,0.7,2022-06-23,1204,1,VIIRS,n,2.0NRT,298.62,11.36,D
36.87226,28.16453,334.87,0.58,0.7,2022-06-23,1204,1,VIIRS,n,2.0NRT,298.84,25.18,D
36.87247,28.17204,354.86,0.58,0.7,2022-06-23,1204,1,VIIRS,n,2.0NRT,300.04,25.18,D
36.87268,28.17949,367,0.58,0.7,2022-06-23,1204,1,VIIRS,h,2.0NRT,296.49,42.18,D
